ID,FIRST_NAME,LAST_NAME,SIGNUP_DATE
1,Michael,P.,2021-08-01
2,Shawn,M.,2021-08-02
3,Kathleen,P.,2021-08-03
4,Jimmy,C.,2021-08-04
5,Katherine,R.,2021-08-05
6,Sarah,R.,2021-08-06
7,Martin,M.,2021-08-07
8,Frank,R.,2021-08-08
9,Jennifer,F.,2021-08-09
10,Henry,W.,2021-08-10
11,Fred,S.,2021-08-11
12,Amy,D.,2021-08-12
13,Kathleen,M.,2021-08-13
14,Steve,F.,2021-08-14
15,Teresa,H.,2021-08-15
16,Amanda,H.,2021-08-16
17,Kimberly,R.,2021-08-17
18,Johnny,K.,2021-08-18
19,Virginia,F.,2021-08-19
20,Anna,A.,2021-08-20
21,Willie,H.,2021-08-21
22,Sean,H.,2021-08-22
23,Mildred,A.,2021-08-23
24,David,G.,2021-08-24
25,Victor,H.,2021-08-25
26,Aaron,R.,2021-08-26
27,Benjamin,B.,2021-08-27
28,Lisa,W.,2021-08-28
29,Benjamin,K.,2021-08-29
30,Christina,W.,2021-08-30
31,Jane,G.,2021-08-31
32,Thomas,O.,2021-09-01
33,Katherine,M.,2021-09-02
34,Jennifer,S.,2021-09-03
35,Sara,T.,2021-09-04
36,Harold,O.,2021-09-05
37,Shirley,J.,2021-09-06
38,Dennis,J.,2021-09-07
39,Louise,W.,2021-09-08
40,Maria,A.,2021-09-09
41,Gloria,C.,2021-09-10
42,Diana,S.,2021-09-11
43,Kelly,N.,2021-09-12
44,Jane,R.,2021-09-13
45,Scott,B.,2021-09-14
46,Norma,C.,2021-09-15
47,Marie,P.,2021-09-16
48,Lillian,C.,2021-09-17
49,Judy,N.,2021-09-18
50,Billy,L.,2021-09-19
51,Howard,R.,2021-09-20
52,Laura,F.,2021-09-21
53,Anne,B.,2021-09-22
54,Rose,M.,2021-09-23
55,Nicholas,R.,2021-09-24
56,Joshua,K.,2021-09-25
57,Paul,W.,2021-09-26
58,Kathryn,K.,2021-09-27
59,Adam,A.,2021-09-28
60,Norma,W.,2021-09-29
61,Timothy,R.,2021-09-30
62,Elizabeth,P.,2021-10-01
63,Edward,G.,2021-10-02
64,David,C.,2021-10-03
65,Brenda,W.,2021-10-04
66,Adam,W.,2021-10-05
67,Michael,H.,2021-10-06
68,Jesse,E.,2021-10-07
69,Janet,P.,2021-10-08
70,Helen,F.,2021-10-09
71,Gerald,C.,2021-10-10
72,Kathryn,O.,2021-10-11
73,Alan,B.,2021-10-12
74,Harry,A.,2021-10-13
75,Andrea,H.,2021-10-14
76,Barbara,W.,2021-10-15
77,Anne,W.,2021-10-16
78,Harry,H.,2021-10-17
79,Jack,R.,2021-10-18
80,Phillip,H.,2021-10-19
81,Shirley,H.,2021-10-20
82,Arthur,D.,2021-10-21
83,Virginia,R.,2021-10-22
84,Christina,R.,2021-10-23
85,Theresa,M.,2021-10-24
86,Jason,C.,2021-10-25
87,Phillip,B.,2021-10-26
88,Adam,T.,2021-10-27
89,Margaret,J.,2021-10-28
90,Paul,P.,2021-10-29
91,Todd,W.,2021-10-30
92,Willie,O.,2021-10-31
93,Frances,R.,2021-11-01
94,Gregory,H.,2021-11-02
95,Lisa,P.,2021-11-03
96,Jacqueline,A.,2021-11-04
97,Shirley,D.,2021-11-05
98,Nicole,M.,2021-11-06
99,Mary,G.,2021-11-07
100,Jean,M.,2021-11-08